{
  "30 seconds": 1745273659.1089787,
  "1 hour and 30 seconds": 1745033868.9486387,
  "5 minutes": 1745162252.3248827,
  "20 minutes": 1745210080.4540648,
  "50 minutes": 1745269029.4028893,
  "10 minutes": 1745268193.3978832,
  "40 minutes": 1745333827.8393571,
  "10 seconds": 1745390755.6337378
}